{"cameraMode":{"drawMode":0,"name":"Shaded","section":"Shading Mode"},"sceneLighting":false,"audioPlay":false,"sceneViewState":{"showFog":false,"showMaterialUpdate":false,"showSkybox":false,"showFlares":false,"showImageEffects":false,"showParticleSystems":false},"in2DMode":false,"pivot":{"x":16.299999237060548,"y":108.20000457763672,"z":-36.5},"rotation":{"x":-0.028517775237560273,"y":0.9712076783180237,"z":-0.17854653298854829,"w":-0.15512292087078095},"size":40.742794036865237,"orthographic":false}