{"cameraMode":{"drawMode":0,"name":"Shaded","section":"Shading Mode"},"sceneLighting":false,"audioPlay":false,"sceneViewState":{"showFog":false,"showMaterialUpdate":false,"showSkybox":false,"showFlares":false,"showImageEffects":false,"showParticleSystems":false},"in2DMode":false,"pivot":{"x":769.3702392578125,"y":216.8839111328125,"z":43.11297607421875},"rotation":{"x":0.175955131649971,"y":-0.06848787516355515,"z":0.012271018698811531,"w":0.981939435005188},"size":1136.00244140625,"orthographic":false}