{"cameraMode":{"drawMode":0,"name":"Shaded","section":"Shading Mode"},"sceneLighting":true,"audioPlay":false,"sceneViewState":{"showFog":false,"showMaterialUpdate":false,"showSkybox":true,"showFlares":false,"showImageEffects":false,"showParticleSystems":false},"in2DMode":false,"pivot":{"x":-9.02009391784668,"y":-0.39806270599365237,"z":3.9216883182525636},"rotation":{"x":0.1797005534172058,"y":0.349279522895813,"z":-0.06845492124557495,"w":0.9170864224433899},"size":11.309576988220215,"orthographic":false}