{"cameraMode":{"drawMode":0,"name":"Shaded","section":"Shading Mode"},"sceneLighting":false,"audioPlay":false,"sceneViewState":{"showFog":false,"showMaterialUpdate":false,"showSkybox":false,"showFlares":false,"showImageEffects":false,"showParticleSystems":false},"in2DMode":false,"pivot":{"x":-0.1915431022644043,"y":0.5161087512969971,"z":-2.4564552307128908},"rotation":{"x":-0.10369400680065155,"y":0.8594372272491455,"z":-0.19291754066944123,"w":-0.4619511067867279},"size":8.68625259399414,"orthographic":false}