{"cameraMode":{"drawMode":0,"name":"Shaded","section":"Shading Mode"},"sceneLighting":false,"audioPlay":false,"sceneViewState":{"showFog":false,"showMaterialUpdate":false,"showSkybox":false,"showFlares":false,"showImageEffects":false,"showParticleSystems":false},"in2DMode":false,"pivot":{"x":10.193670272827149,"y":-2.4631600379943849,"z":-1.6033822298049927},"rotation":{"x":-0.15128259360790254,"y":-0.7702813744544983,"z":0.19858206808567048,"w":-0.5868158936500549},"size":14.915423393249512,"orthographic":false}