{"cameraMode":{"drawMode":0,"name":"Shaded","section":"Shading Mode"},"sceneLighting":false,"audioPlay":false,"sceneViewState":{"showFog":false,"showMaterialUpdate":false,"showSkybox":false,"showFlares":false,"showImageEffects":false,"showParticleSystems":false},"in2DMode":false,"pivot":{"x":0.5911248922348023,"y":0.5133373737335205,"z":-0.9139962196350098},"rotation":{"x":0.010257993824779988,"y":0.9629795551300049,"z":-0.2668335437774658,"w":0.037026695907115939},"size":6.741660118103027,"orthographic":false}