{"cameraMode":{"drawMode":0,"name":"Shaded","section":"Shading Mode"},"sceneLighting":false,"audioPlay":false,"sceneViewState":{"showFog":false,"showMaterialUpdate":false,"showSkybox":false,"showFlares":false,"showImageEffects":false,"showParticleSystems":false},"in2DMode":false,"pivot":{"x":-0.40492576360702517,"y":2.1313202381134035,"z":0.2512795925140381},"rotation":{"x":-0.030794993042945863,"y":0.9656276702880859,"z":-0.21979905664920808,"w":-0.13528943061828614},"size":1.7173614501953126,"orthographic":false}