{"cameraMode":{"drawMode":0,"name":"Shaded","section":"Shading Mode"},"sceneLighting":false,"audioPlay":false,"sceneViewState":{"showFog":false,"showMaterialUpdate":false,"showSkybox":false,"showFlares":false,"showImageEffects":false,"showParticleSystems":false},"in2DMode":false,"pivot":{"x":3.225008726119995,"y":0.19774341583251954,"z":-0.300956130027771},"rotation":{"x":0.18829798698425294,"y":0.7447081208229065,"z":-0.235524982213974,"w":0.5953883528709412},"size":7.612632751464844,"orthographic":false}