{"cameraMode":{"drawMode":0,"name":"Shaded","section":"Shading Mode"},"sceneLighting":false,"audioPlay":false,"sceneViewState":{"showFog":false,"showMaterialUpdate":false,"showSkybox":false,"showFlares":false,"showImageEffects":false,"showParticleSystems":false},"in2DMode":false,"pivot":{"x":1.195791482925415,"y":1.3204965591430665,"z":-2.452516555786133},"rotation":{"x":-0.010462265461683274,"y":0.9845808744430542,"z":-0.16274210810661317,"w":-0.06329615414142609},"size":8.68625259399414,"orthographic":false}