{"cameraMode":{"drawMode":0,"name":"Shaded","section":"Shading Mode"},"sceneLighting":false,"audioPlay":false,"sceneViewState":{"showFog":false,"showMaterialUpdate":false,"showSkybox":false,"showFlares":false,"showImageEffects":false,"showParticleSystems":false},"in2DMode":false,"pivot":{"x":0.7050591707229614,"y":0.7971515655517578,"z":-1.4254331588745118},"rotation":{"x":0.017825409770011903,"y":0.9812689423561096,"z":-0.11265967041254044,"w":0.15526805818080903},"size":6.4154767990112309,"orthographic":false}