{"cameraMode":{"drawMode":0,"name":"Shaded","section":"Shading Mode"},"sceneLighting":true,"audioPlay":false,"sceneViewState":{"showFog":false,"showMaterialUpdate":false,"showSkybox":false,"showFlares":false,"showImageEffects":false,"showParticleSystems":false},"in2DMode":false,"pivot":{"x":27.602184295654298,"y":-0.5200004577636719,"z":-21.776718139648439},"rotation":{"x":0.10629289597272873,"y":-0.07630651444196701,"z":0.008182036690413952,"w":0.9913735389709473},"size":15.623007774353028,"orthographic":false}