{"cameraMode":{"drawMode":0,"name":"Shaded","section":"Shading Mode"},"sceneLighting":false,"audioPlay":false,"sceneViewState":{"showFog":false,"showMaterialUpdate":false,"showSkybox":false,"showFlares":false,"showImageEffects":false,"showParticleSystems":false},"in2DMode":false,"pivot":{"x":-1.7887437343597413,"y":0.2534456253051758,"z":-0.9033383727073669},"rotation":{"x":0.20845362544059754,"y":-0.7351373434066773,"z":0.25947439670562746,"w":0.5905861258506775},"size":6.042600154876709,"orthographic":false}