{"cameraMode":{"drawMode":0,"name":"Shaded","section":"Shading Mode"},"sceneLighting":true,"audioPlay":false,"sceneViewState":{"showFog":false,"showMaterialUpdate":false,"showSkybox":false,"showFlares":false,"showImageEffects":false,"showParticleSystems":false},"in2DMode":false,"pivot":{"x":-1.286104679107666,"y":-0.042533159255981448,"z":1.1551852226257325},"rotation":{"x":-0.17460349202156068,"y":-0.46608811616897585,"z":0.09438835084438324,"w":-0.8621882796287537},"size":17.62868309020996,"orthographic":false}