{"cameraMode":{"drawMode":0,"name":"Shaded","section":"Shading Mode"},"sceneLighting":true,"audioPlay":false,"sceneViewState":{"showFog":false,"showMaterialUpdate":false,"showSkybox":false,"showFlares":false,"showImageEffects":false,"showParticleSystems":false},"in2DMode":false,"pivot":{"x":-59.93349838256836,"y":38.67868423461914,"z":-19.336750030517579},"rotation":{"x":-0.18466663360595704,"y":-0.642698347568512,"z":0.16363570094108582,"w":-0.7253026962280273},"size":12.752641677856446,"orthographic":false}