{"cameraMode":{"drawMode":0,"name":"Shaded","section":"Shading Mode"},"sceneLighting":false,"audioPlay":false,"sceneViewState":{"showFog":false,"showMaterialUpdate":false,"showSkybox":false,"showFlares":false,"showImageEffects":false,"showParticleSystems":false},"in2DMode":false,"pivot":{"x":0.555112361907959,"y":-0.09787511825561524,"z":-0.5162436962127686},"rotation":{"x":-0.20265638828277589,"y":-0.7635518908500671,"z":0.285061240196228,"w":-0.5428317785263062},"size":7.045034885406494,"orthographic":false}