{"cameraMode":{"drawMode":0,"name":"Shaded","section":"Shading Mode"},"sceneLighting":true,"audioPlay":false,"sceneViewState":{"showFog":false,"showMaterialUpdate":false,"showSkybox":false,"showFlares":false,"showImageEffects":false,"showParticleSystems":false},"in2DMode":false,"pivot":{"x":2.9047656059265138,"y":0.732327938079834,"z":-27.09252166748047},"rotation":{"x":-0.24940016865730287,"y":-0.38989773392677309,"z":0.11056170612573624,"w":-0.8795238137245178},"size":14.206191062927246,"orthographic":false}