{"cameraMode":{"drawMode":0,"name":"Shaded","section":"Shading Mode"},"sceneLighting":false,"audioPlay":false,"sceneViewState":{"showFog":false,"showMaterialUpdate":false,"showSkybox":false,"showFlares":false,"showImageEffects":false,"showParticleSystems":false},"in2DMode":false,"pivot":{"x":-0.24378585815429688,"y":1.5624241828918458,"z":0.03395003080368042},"rotation":{"x":-0.24277018010616303,"y":0.7494134306907654,"z":-0.4934697151184082,"w":-0.368685245513916},"size":3.93047833442688,"orthographic":false}